racing video game	Racing	0
platform game	Platformer	0
action-adventure game	Action-Adventure	0
action game	Action	0
role-playing video game	Role-Playing	0
puzzle video game	Puzzle	0
Action	Action	0
sports video game	Sports	0
shoot 'em up	Shoot 'em up	0
Sports	Sports	0
adventure video game	Adventure	0
fighting game	Fighting	0
first-person shooter	First-Person Shooter	0
Adventure	Adventure	0
Action-adventure	Action-Adventure	0
Platform	Platformer	0
Racing	Racing	0
Puzzle	Puzzle	0
Role-playing	Role-Playing	0
association football video game	Sports	0
Visual novel	Visual Novel	0
American football video game	Sports	0
Action role-playing	Action RPG	0
Fighting	Fighting	0
action role-playing game	Action RPG	0
Shooter	Shooter	0
strategy video game	Strategy	0
First-person shooter	First-Person Shooter	0
basketball video game	Sports	0
third-person shooter	Third-Person Shooter	0
real-time strategy	Real-Time Strategy	0
music video game	Rhythm	0
beat 'em up	Beat 'em up	0
action film	Action	0
turn-based strategy video game	Turn-Based Strategy	0
Shoot 'em up	Shoot 'em up	0
Action & adventure	Action-Adventure	0
tactical role-playing game	Tactical RPG	0
Simulation	Simulation	0
simulation video game	Simulation	0
Platformer	Platformer	0
ice hockey video game	Sports	0
Otome game	Visual Novel	0
Metroidvania	Platformer	0
fantasy film		0
Survival horror	Horror	0
Arcade	Arcade	0
visual novel	Visual Novel	0
shooter game	Shooter	0
Strategy	Strategy	0
baseball video game	Sports	0
educational video game	Educational	0
life simulation game	Life Simulation	0
vehicular combat game	Vehicular Combat	0
combat flight simulator game	Flight & Space Sim	0
interactive fiction	Interactive Fiction	0
party video game	Party	0
flight simulation video game	Flight & Space Sim	0
Beat 'em up	Beat 'em up	0
Classics	Compilation	0
arcade	Arcade	0
Third-person shooter	Third-Person Shooter	0
maze video game	Arcade	0
children's television series		0
Tactical role-playing	Tactical RPG	0
hack and slash	Action RPG	0
comedy film		0
business simulation game	Management	0
Turn-based strategy	Turn-Based Strategy	0
boxing video game	Sports	0
science fiction film		0
survival horror	Horror	0
rhythm game	Rhythm	0
real-time tactics	Tactics	0
comedy anime and manga		0
crossover fiction		0
Rhythm	Rhythm	0
tennis video game	Sports	0
point-and-click adventure	Adventure	0
Educational	Educational	0
Puzzle & trivia	Puzzle	0
Music	Rhythm	0
comedy television series		0
professional wrestling video game	Sports	0
sim racing	Simulation	0
action anime and manga	Action	0
Action game	Action	0
science fiction		0
run and gun	Shoot 'em up	0
science fiction video game		0
Action & Adventure	Action-Adventure	0
Hack and slash	Action RPG	0
chess video game	Board Game	0
Party	Party	0
Graphic adventure	Adventure	0
science fiction television program		0
space flight simulation game	Flight & Space Sim	0
interactive film	Interactive Fiction	0
Horror	Horror	0
tactical shooter	First-Person Shooter	0
graphic adventure game	Adventure	0
fantasy		0
game show	Trivia	0
massively multiplayer online role-playing game	Role-Playing	0
Actionplatform	Platformer	0
Sport games	Sports	0
turn-based tactics	Tactics	0
3D fighting game	Fighting	0
buddy film		0
Vertical shooter	Shoot 'em up	0
construction and management simulation	Management	0
Real-time strategy	Real-Time Strategy	0
Card & board	Card Game	0
golf video game	Sports	0
Board games	Board Game	0
psychological horror fiction	Horror	0
school anime and manga		0
pinball machine game	Arcade	0
Variety		0
stealth game	Stealth	0
Rpg	Role-Playing	0
Puzzle-platform	Puzzle	0
Maze	Arcade	0
Interactive fiction	Interactive Fiction	0
Shoot-'em-up	Shoot 'em up	0
Pinball	Arcade	0
Action-platformer	Platformer	0
Puzzlehidden object	Puzzle	0
pinball video game	Arcade	0
Run and gun	Shoot 'em up	0
city-building game	Management	0
drama anime and manga		0
Tower defense	Strategy	0
Racing & flying	Racing	0
tokusatsu		0
RPG	Role-Playing	0
Kinect		0
Dungeon crawler	Action RPG	0
Point-and-click adventure	Adventure	0
Fixed shooter	Shoot 'em up	0
Roguelike	Roguelike	0
Platformpuzzle	Puzzle	0
dating sim	Visual Novel	0
Strategy & simulation	Strategy	0
Survival	Survival	0
Visual Novel	Visual Novel	0
romance anime and manga		0
Platform-adventure	Platformer	0
Sports & recreation	Sports	0
Action-adventurestealth	Stealth	0
horror film	Horror	0
skateboarding video game	Sports	0
Horizontal shooter	Shoot 'em up	0
musical film		0
association football management game	Management	0
eroge	Visual Novel	0
3D platform game	Platformer	0
action television series	Action	0
fantasy video game		0
Board game	Board Game	0
side-scrolling video game	Platformer	0
Breakout clone	Arcade	0
Partytrivia	Trivia	0
quiz show	Trivia	0
comics		0
horse racing video game	Racing	0
Stealth	Stealth	0
fishing video game	Sports	0
Vehicular combat	Vehicular Combat	0
adventure film	Adventure	0
Business simulation	Management	0
4X	Strategy	0
Fighting, Sports	Fighting	0
Rail shooter	Shooter	0
fantasy anime and manga		0
children's film		0
science fiction anime and manga		0
Hunting/fishing	Sports	0
fitness video game	Party	0
dance video game	Rhythm	0
Family & educational	Educational	0
Compilation	Compilation	0
neo-noir		0
vertically scrolling shooter	Shoot 'em up	0
Action-adventure, platformer	Platformer	0
Musicrhythm	Rhythm	0
roguelike	Roguelike	0
Scrolling shooter	Shoot 'em up	0
reality television		0
Adventurepuzzle	Puzzle	0
grand strategy wargame	Strategy	0
Adventure game	Adventure	0
light-gun shooter	Shooter	0
Adventure, puzzle	Puzzle	0
submarine simulator	Simulation	0
Top-down shooter	Shooter	0
puzzle-platformer	Puzzle	0
Block breaker	Arcade	0
2D platform game	Platformer	0
Actionpuzzle	Puzzle	0
adventure anime and manga	Adventure	0
Platform, puzzle	Puzzle	0
minigame	Party	0
Dating sim	Visual Novel	0
vehicle simulation game	Simulation	0
Sim racing	Simulation	0
Visual Novel/Adult	Visual Novel	0
falling block puzzle game	Puzzle	0
Application		0
Role playing	Role-Playing	0
Action RPG	Action RPG	0
Combat flight simulation game	Flight & Space Sim	0
Action-RPG	Action RPG	0
Turn-based tactics	Tactics	0
fairy tale		0
Text and Gfx	Interactive Fiction	0
space simulator	Flight & Space Sim	0
board video game	Board Game	0
Kart racing	Racing	0
Japanese role-playing	Role-Playing	0
hunting video game	Sports	0
fantasy television series		0
pool video game	Sports	0
multidirectional shooter	Shooter	0
collectible card video game	Card Game	0
military science fiction		0
drama film		0
harem		0
Obstacle avoiding	Arcade	0
traditional video game	Board Game	0
virtual pet video game	Life Simulation	0
bullet hell	Shoot 'em up	0
extreme sports video game	Sports	0
Racingsimulation	Simulation	0
rock music	Rhythm	0
Trivia	Trivia	0
Twin-stick shooter	Shooter	0
Massively multiplayer online role-playing	Role-Playing	0
young adult fiction		0
Action-adventure, stealth	Stealth	0
Single-screen platformer	Platformer	0
mecha		0
Brawler	Beat 'em up	0
horizontally scrolling shooter	Shoot 'em up	0
kart racing game	Racing	0
crime film		0
Hidden object adventure	Adventure	0
rail shooter	Shooter	0
Action-adventureplatform	Platformer	0
tower defense	Strategy	0
educational entertainment	Educational	0
Adventure/Adult	Adventure	0
Party game	Party	0
computer wargame	Strategy	0
children's literature		0
Puzzle platformer	Puzzle	0
romance film		0
Action role-playinghack and slash	Action RPG	0
Cards games	Card Game	0
Action role-playing, expansion	Action RPG	0
comedy drama		0
Rpg/Adult	Role-Playing	0
Puzzle adventure	Puzzle	0
nonogram video game	Puzzle	0
Music, rhythm	Rhythm	0
Card battle	Card Game	0
Action Role-playing	Action RPG	0
children's fiction		0
Action role-playing, hack and slash	Action RPG	0
winter sports video game	Sports	0
massively multiplayer online game	Role-Playing	0
Tactical shooter	First-Person Shooter	0
sitcom		0
Quiz	Trivia	0
athletics video game	Sports	0
slice of life anime and manga		0
tank simulation game	Vehicular Combat	0
Action, Sports	Sports	0
Sports - Golf	Sports	0
teen sitcom		0
snowboarding video game	Sports	0
Educational game	Educational	0
Puzzle game	Puzzle	0
Board game - Chess	Board Game	0
mahjong video game	Board Game	0
survival game	Survival	0
2D fighting game	Fighting	0
Mahjong	Board Game	0
bowling video game	Sports	0
Actionstrategy	Strategy	0
Point & click adventure	Adventure	0
tube shooter	Shooter	0
Flight simulator	Flight & Space Sim	0
speculative fiction comics		0
Life simulation	Life Simulation	0
Vehicular combat - Aircraft	Vehicular Combat	0
Visual novelAdventure	Visual Novel	0
television game show	Trivia	0
teen film		0
Endless runner	Arcade	0
Adventurestrategy	Strategy	0
Isometric platformer	Platformer	0
superhero film		0
hentai		0
Adventure, Puzzle	Puzzle	0
tragedy		0
Psychological horror	Horror	0
Action - Timing	Action	0
Bullet hell	Shoot 'em up	0
synth-pop		0
Actionstealth	Stealth	0
magical girl		0
Strategyrole-playing	Role-Playing	0
Side-scrolling action	Action	0
Adventurerole-playing	Role-Playing	0
Action-adventure, Platform	Platformer	0
ship simulation game	Simulation	0
train simulator	Simulation	0
Role-playingturn-based	Role-Playing	0
Action-platform	Platformer	0
Nonogrampuzzle	Puzzle	0
ecchi		0
Action role-playingfirst-person shooter	Action RPG	0
Role-Playing	Role-Playing	0
Board Game	Board Game	0
hard rock		0
Multidirectional shooter	Shooter	0
Action, adventure	Adventure	0
personal watercraft racing video game	Racing	0
Jump and run	Platformer	0
didactic literature		0
Sports - Soccer	Sports	0
Sandbox	Action-Adventure	0
Side-scrolling shooter	Shoot 'em up	0
monster film		0
Shoot-'em-up (All)	Shoot 'em up	0
RTS	Real-Time Strategy	0
trivia	Trivia	0
Hack & Slash, Tactical Role-playing	Tactical RPG	0
bishōjo game	Visual Novel	0
Strategysimulation	Strategy	0
Roguelike deck-building	Roguelike	0
Strategy, Simulation	Strategy	0
Vehicle simulation	Simulation	0
Belgian comics		0
gambling video game	Card Game	0
god game	Management	0
steampunk		0
heist film		0
Action Role-playing, open world	Action RPG	0
J-pop		0
Card game	Card Game	0
Real-time tactics	Tactics	0
First-person shooter, survival horror	First-Person Shooter	0
Flight Simulator	Flight & Space Sim	0
science fiction comedy		0
Action platformer	Platformer	0
heavy metal music	Rhythm	0
Massively multiplayer online	Role-Playing	0
romantic comedy		0
computer chess	Board Game	0
Action-adventure / Maze	Arcade	0
Action, Strategy	Strategy	0
Adventure, platform	Platformer	0
Puzzle-platformer	Puzzle	0
Sim	Simulation	0
Action-adventure, open world	Action-Adventure	0
Sports - Baseball	Sports	0
Third-person shooter, survival horror	Third-Person Shooter	0
dungeon crawl	Action RPG	0
Isometric shooter	Shooter	0
Interactive drama	Interactive Fiction	0
Card & Board	Card Game	0
mech simulation game	Simulation	0
Action-adventurehack and slash	Action RPG	0
martial arts film	Fighting	0
Board games/Adult	Board Game	0
Australian football video game	Sports	0
Puzzle - Action puzzle	Puzzle	0
nature documentary		0
rally racing video game	Racing	0
casino game	Card Game	0
Action, Racing / Driving	Racing	0
sound novel		0
Board game - Mahjong	Board Game	0
Visual novel / Adult	Visual Novel	0
Arcadeshoot 'em up	Shoot 'em up	0
tabletop role-playing game	Role-Playing	0
Action platform	Platformer	0
juvenile fantasy		0
action comedy film	Action	0
professional wrestling	Sports	0
off-road racing video game	Racing	0
JRPG	Role-Playing	0
surfing video game	Sports	0
horror fiction	Horror	0
Action / Maze	Arcade	0
Adult		0
Role-playing game	Role-Playing	0
spy film		0
Otome gameRole-playing	Visual Novel	0
techno-thriller		0
Multiplayer online battle arena	Strategy	0
alternate history comics		0
mahjong solitaire video game	Card Game	0
Action role-playingsurvival horror	Action RPG	0
board wargame	Strategy	0
snooker video game	Sports	0
Adventuresurvival	Survival	0
government simulation game	Simulation	0
Tactical shooterstealth	First-Person Shooter	0
Adventurehorror	Horror	0
Sports - Basketball	Sports	0
Racing management	Management	0
Strategy & Simulation	Strategy	0
police procedural		0
quiz video game	Trivia	0
Unknown		0
Point & Click Adventure, Hidden Objects	Adventure	0
Sports - Boxing	Sports	0
beach volleyball video game	Sports	0
adventure television series	Adventure	0
Action/Educational	Educational	0
crime television series		0
Racing - Formula	Racing	0
Tactical RPG	Tactical RPG	0
paintball video game	Sports	0
thrash metal		0
sports entertainment	Sports	0
Racing, Rally	Racing	0
sudoku video game	Puzzle	0
mecha video game		0
Dating Simulation	Visual Novel	0
Photo shooting	Simulation	0
alternative rock		0
Casual Strategy	Strategy	0
NASCAR video game	Sports	0
Hack and slash, action-adventure	Action RPG	0
language learning video game	Educational	0
Sports game	Sports	0
Action-role playing	Action RPG	0
MMORPG	Role-Playing	0
mystery fiction		0
Chess	Board Game	0
minigame collection	Party	0
crime comedy film		0
Action-adventure, Open World	Action-Adventure	0
PlatformMetroidvania	Platformer	0
crowd-combat video game	Action	0
sports manga	Sports	0
comedy drama anime and manga		0
digital pet	Life Simulation	0
Tactical ShooterStealth	First-Person Shooter	0
space combat simulation game	Flight & Space Sim	0
olympic video game	Sports	0
fixed shooter	Shoot 'em up	0
Fishing	Sports	0
Otome gameMini-games	Visual Novel	0
post-apocalyptic video game		0
Actionhack and slash	Action RPG	0
cricket video game	Sports	0
Platformerpuzzle	Puzzle	0
Action/Platform	Platformer	0
comedy horror	Horror	0
Rocks and diamonds	Puzzle	0
reality show		0
Point & Click	Adventure	0
otome game	Visual Novel	0
Adventureplatform	Platformer	0
Shooter game	Shooter	0
Racing / Driving	Racing	0
Scrolling platformer	Platformer	0
4Xturn-based strategy	Turn-Based Strategy	0
Action-adventureplatformer	Platformer	0
BMX video game	Sports	0
animated sitcom		0
Sports, Racing	Sports	0
Action-adventure, hack and slash	Action RPG	0
Multi-directional shooter	Shooter	0
full motion video	Interactive Fiction	0
Action, hack and slash	Action RPG	0
Twin stick shooter	Shooter	0
role-playing game	Role-Playing	0
humorous comics		0
Action-adventure, Platformer	Platformer	0
Racing Mission	Racing	0
Simulationstrategy	Strategy	0
skiing video game	Sports	0
detective fiction		0
documentary film		0
romantic comedy film		0
Cue sports	Sports	0
Adventure, Horror	Horror	0
Adventure, horror	Horror	0
Space combat	Flight & Space Sim	0
Card & Board, Family	Card Game	0
spokon		0
Action-adventuresurvival	Survival	0
Platformroguelike	Roguelike	0
Action-adventurerole-playing	Role-Playing	0
turn-based Japanese role-playing game	Role-Playing	0
Fightingsports	Fighting	0
flashback film		0
Battle royale	Shooter	0
Adult, Action	Action	0
Role-playingstrategy	Role-Playing	0
Actionroguelike	Roguelike	0
Role-playing, JRPG	Role-Playing	0
cabal shooter	Shooter	0
Adventure game / Adult	Adventure	0
Puzzle Platformer	Puzzle	0
Visual novel, adventure	Visual Novel	0
Visual novelDating sim	Visual Novel	0
Hack & Slash, action-adventure	Action-Adventure	0
Puzzle, Platform	Puzzle	0
Platform, Puzzle	Puzzle	0
Puzzle, Casual	Puzzle	0
Action, Simulation	Simulation	0
First- and third-person shooter	Third-Person Shooter	0
karate video game	Fighting	0
Adventure, Text only	Interactive Fiction	0
Actionfighting	Fighting	0
Racingvehicular combat	Vehicular Combat	0
superhero fiction		0
satire		0
Simulator - Manager / Sports - Soccer	Simulation	0
Action, Open World	Action-Adventure	0
text adventure	Interactive Fiction	0
Action - Frogger	Action	0
soap opera		0
female buddy film		0
Retro collection	Compilation	0
Tile-matching	Puzzle	0
Mech-combat	Vehicular Combat	0
Action, Beat 'em up	Beat 'em up	0
Gothic fiction		0
Third-person shooter, action-adventure, open world	Third-Person Shooter	0
Racing, sports	Sports	0
epic poem		0
mystery anime and manga		0
sword and sorcery		0
Adventuresurvival horror	Horror	0
Actionparty	Action	0
Party, puzzle	Puzzle	0
erotic video game		0
quiz board game	Trivia	0
Actionsports	Sports	0
literary fairy tale		0
Card game - Bridge	Card Game	0
Stealthaction	Stealth	0
Third-person shooter, action-adventure	Third-Person Shooter	0
casual game	Puzzle	0
Actionmetroidvania	Platformer	0
Adventure / Eroge	Visual Novel	0
swashbuckler film		0
hip-hop		0
Western film		0
Actionplatform-adventure	Platformer	0
karaoke	Rhythm	0
Action, Platform	Platformer	0
Point & Click Adventure	Adventure	0
Sports management	Management	0
Role-playingdungeon crawler	Action RPG	0
Puzzleplatformer	Puzzle	0
RTT	Tactics	0
Board game, party	Party	0
Adventure (All)	Adventure	0
Stealth, action	Stealth	0
sports television program	Sports	0
arcade racing game	Racing	0
war novel		0
Adventure, Platformer	Platformer	0
match-three video game	Puzzle	0
First-person shooter, stealth	First-Person Shooter	0
fantasy sports video game	Sports	0
Adventure, visual novel	Visual Novel	0
Gambling	Card Game	0
Third-person shooter, action	Third-Person Shooter	0
comedy television program		0
Action/Adventure	Adventure	0
Collectible card game	Card Game	0
First-person shootersurvival horror	First-Person Shooter	0
Puzzlesimulation	Puzzle	0
First-person adventure	Adventure	0
singing talent show		0
3D Platformer	Platformer	0
Platformrole-playing	Role-Playing	0
Action/Rpg	Role-Playing	0
Real-time strategysimulation	Real-Time Strategy	0
Strategy - Wargame	Strategy	0
Sports - Fictional	Sports	0
sandbox game	Action-Adventure	0
augmented reality		0
cyberpunk novel		0
poker video game	Card Game	0
animated film		0
Skateboarding	Sports	0
tech noir		0
Role-playingsports	Role-Playing	0
interactive art		0
Sports - Decathlon	Sports	0
shogi video game	Board Game	0
FMV adventure	Interactive Fiction	0
Platformshooter	Shooter	0
3D platform	Platformer	0
Survival, Horror	Survival	0
Action, Adventure	Adventure	0
artillery game	Strategy	0
Artillerystrategyturn-based	Strategy	0
Combat Flight Simulator	Flight & Space Sim	0
Poker	Card Game	0
conspiracy fiction		0
dark fantasy		0
Space trading and combat	Flight & Space Sim	0
Action, Stealth	Stealth	0
Action-strategy	Strategy	0
Fixed shooter - Galaxian	Shoot 'em up	0
Role-playingturn-based strategy	Role-Playing	0
cue sports video game	Sports	0
Sandboxsurvival	Survival	0
talent show		0
Action-adventureshooter	Shooter	0
First-person shooteropen world	First-Person Shooter	0
virtual world		0
Strategymanagement	Strategy	0
Otome gameRhythm	Visual Novel	0
lost world fiction		0
Party, trivia	Party	0
Action-Adventure	Action-Adventure	0
Music, Sim	Simulation	0
Action & Adventure, Platformer	Platformer	0
Action role-playing, First-person shooter	Action RPG	0
Tactical role-playing, visual novel	Visual Novel	0
Adventure, walking simulator	Simulation	0
Platform, Beat 'em up	Beat 'em up	0
Strategy, Management	Strategy	0
Farm life sim	Life Simulation	0
Tank & Mecha Sim	Vehicular Combat	0
Hunting/Fishing	Sports	0
Sports - BMX	Sports	0
Action RPG, Open World	Action RPG	0
Japanese role-playing video game	Role-Playing	0
Adventuresimulation	Simulation	0
Pachinko	Card Game	0
martial arts	Fighting	0
Adventurevisual novel	Visual Novel	0
Turn-based, role-playing	Role-Playing	0
Puzzle, Platformer	Puzzle	0
Action/Maze	Arcade	0
rocks-and-diamonds video game	Puzzle	0
rhythm and blues	Rhythm	0
Action, Shooter	Shooter	0
dystopian fiction		0
Simulation game	Simulation	0
classical music	Rhythm	0
punk rock		0
Survival-horror	Survival	0
Construction and management simulation	Management	0
Adventure/Text and Gfx	Interactive Fiction	0
Vertical	Shoot 'em up	0
Adventure/Text only	Interactive Fiction	0
Vertical scroller	Shoot 'em up	0
Otome gameQuiz	Visual Novel	0
non-game		0
Tactical Shooterstealth	First-Person Shooter	0
Vehicular Combat - Mech	Vehicular Combat	0
Simulator - Geopolitics	Simulation	0
Sports - Tennis	Sports	0
Hidden Object puzzle	Puzzle	0
3D computer graphics		0
family film		0
Racing, open world	Action-Adventure	0
adventure fiction	Adventure	0
coming-of-age fiction		0
romance anime		0
First-person shooter, puzzle	First-Person Shooter	0
Artilleryturn-based strategy	Turn-Based Strategy	0
Racing, platform	Platformer	0
Card Battle	Card Game	0
Third-person shootersurvival horror	Third-Person Shooter	0
First-person shooter, Tactical shooter	First-Person Shooter	0
Action-adventuresurvival horror	Horror	0
Construct / Manage Sim	Simulation	0
silent film		0
Sports - Horse racing	Sports	0
driving video game	Racing	0
Platformerrole-playing	Role-Playing	0
Simulation video game	Simulation	0
Extreme sports	Sports	0
First-person shooter, Western	First-Person Shooter	0
futuristic racing game	Racing	0
folk tale		0
Visual novel, Adult	Visual Novel	0
FMV Adventure	Interactive Fiction	0
Platform-puzzle	Puzzle	0
Exploration	Adventure	0
Platform arena brawler	Beat 'em up	0
Tactical role-playingvisual novel	Visual Novel	0
variety show		0
Adventureart	Adventure	0
Hack and slash, action	Action RPG	0
Role playing, JRPG	Role-Playing	0
Lifefarm simulation	Life Simulation	0
Arcade/Break-out	Arcade	0
Action role-playing, first-person shooter	Action RPG	0
jazz		0
Action / Shoot-'em-up	Shoot 'em up	0
rugby union video game	Sports	0
Puzzle/Adult/Quiz	Puzzle	0
Maze / Puzzle	Puzzle	0
speculative fiction		0
artificial life	Simulation	0
Maze - Pac-Man	Arcade	0
Hack and slashaction	Action RPG	0
card battle video game	Card Game	0
Fixed shooter - Space Invaders	Shoot 'em up	0
City-building	Management	0
Break-out	Arcade	0
video game art		0
Action, beat 'em up	Beat 'em up	0
Action, puzzle	Puzzle	0
Horrorstealth	Horror	0
Single-screen platformer / Puzzle - Action puzzle	Puzzle	0
Racingplatform	Platformer	0
Casual	Puzzle	0
cooking show		0
Vehicular combat - Car	Vehicular Combat	0
Rougelike	Roguelike	0
Actionbattle royale	Shooter	0
Tank & mecha sim, action	Vehicular Combat	0
Puzzlestrategy	Puzzle	0
Action-adventureopen world	Action-Adventure	0
Fitness	Party	0
Racing - Motorcycle	Sports	0
Familymotion-controlled		0
essay		0
Casual strategy	Strategy	0
Action, party	Party	0
First-person shooter, Open world	First-Person Shooter	0
Third-person, Open World, Western	Action-Adventure	0
Puzzleplatform	Puzzle	0
Action / Adventure	Adventure	0
art		0
romantic comedy anime and manga		0
fiction literature		0
comedy		0
Single-screen platformer - Burger Time	Platformer	0
Action - Q*bert	Action	0
Shoot 'em uproguelike	Roguelike	0
new age music	Rhythm	0
Role-playingsimulation	Role-Playing	0
motocross racing video game	Sports	0
Shoot-em-up	Shoot 'em up	0
Single-screen platformer - Donkey Kong	Platformer	0
Survival adventure	Survival	0
Fighting game	Fighting	0
Vehicle simulation - Aircraft carrier	Simulation	0
RacingPlatform	Platformer	0
Action role-playingsandbox	Action RPG	0
side-scrolling beat 'em up	Beat 'em up	0
hardcore punk		0
Life simulation, adventure	Life Simulation	0
Action & Adventure, Shooter	Shooter	0
Run and gun / Maze	Shoot 'em up	0
Adventure, Role-playing	Role-Playing	0
social simulation game	Simulation	0
Platform-adventure / Maze / RPG	Role-Playing	0
Action, roguelike	Roguelike	0
Stealth, survival horror	Horror	0
Vehicle simulation - Submarine	Simulation	0
pop rock		0
Arena shooter	Shooter	0
Shooter, roguelike	Roguelike	0
Fighting, sports	Fighting	0
Horror, adventure	Horror	0
Simulationcity-building	Management	0
Sports, baseball	Sports	0
Sportsside-scroller	Sports	0
Arcadepuzzle	Puzzle	0
Third-person shooteraction role-playing	Action RPG	0
crime thriller film		0
Dungeon Crawler / Eroge	Visual Novel	0
Roguelikerole-playing	Roguelike	0
Bullet hellroguelike	Roguelike	0
Platformracing	Platformer	0
Puzzle/Adult	Puzzle	0
Vehicular combat - Tank	Vehicular Combat	0
Board game - Backgammon	Board Game	0
Shoot 'em up, Arcade	Shoot 'em up	0
Casino games - Pachinko	Card Game	0
Card Game	Card Game	0
gender bender		0
investigation game	Adventure	0
music program	Rhythm	0
miniature golf video game	Sports	0
teen pop		0
City-building, construction and management simulation	Management	0
hunting action	Sports	0
Sports Management	Management	0
Adventure, Music	Rhythm	0
Action-adventurerhythm	Rhythm	0
roller skating video game	Sports	0
Platform brawler, party game	Beat 'em up	0
Actionplatformer	Platformer	0
PuzzlePlatformer	Puzzle	0
Tactics, strategy	Tactics	0
scrolling shooter	Shoot 'em up	0
thriller film		0
traditional heavy metal		0
Arena combat, platform	Platformer	0
First-person puzzle	Puzzle	0
Computer wargame	Strategy	0
Beat 'em upplatform	Beat 'em up	0
Survival Horror	Horror	0
espionage television series		0
Racing, Vehicular Combat	Vehicular Combat	0
Racing, Vehicular combat	Vehicular Combat	0
Metroidvania, Platform	Platformer	0
Action, Real-time tactics	Tactics	0
Action role-playing, stealth	Action RPG	0
tile-matching video game	Puzzle	0
Actionshooter	Shooter	0
Space Combat Sim	Flight & Space Sim	0
Real-time strategyrole-playing	Role-Playing	0
Stealth, Adventure	Stealth	0
Actiontactical role-playing	Tactical RPG	0
physics game	Puzzle	0
Arcade, party	Party	0
2D computer graphics		0
Third-person shooter, Open World	Third-Person Shooter	0
mind game		0
Puzzle, Adventure	Puzzle	0
adventure comic	Adventure	0
epistolary fiction		0
Adventurehidden object	Adventure	0
Action, roguelite	Roguelike	0
electronic dance music	Rhythm	0
Overhead view action	Action	0
Racing / Vertical scroller	Racing	0
Action role-playing, survival	Action RPG	0
Racing, action	Racing	0
Roguelike, rhythm	Roguelike	0
MMORole-playing, Expansion	Role-Playing	0
panel game		0
Horizontal shooter - Cute 'em up	Shoot 'em up	0
Racing, adventure	Racing	0
Actionmultiplayer online battle arena	Strategy	0
Action-adventure, first-person survival horror	Horror	0
Role-playingshooter	Role-Playing	0
Roguelike, brawler	Roguelike	0
Exergaming	Party	0
Action Adventure	Action-Adventure	0
Horror, Survival	Survival	0
Rpg, Adult	Role-Playing	0
Strategy / Run and gun	Shoot 'em up	0
Collectible card	Card Game	0
road movie		0
Action & Adventure, Survival	Survival	0
Music & rhythm, party	Rhythm	0
Application, Sports & recreation	Sports	0
non-fiction novel		0
card video game	Card Game	0
Maze, shooter	Shooter	0
Action-adventuremetroidvania	Platformer	0
Action-adventureopen worldstealth	Stealth	0
Rhythmgod game	Management	0
Platformparkour	Platformer	0
Space simulation	Flight & Space Sim	0
epistolary novel		0
Space flight simulator	Flight & Space Sim	0
Fighting, shooter	Shooter	0
Shoot-'em-up/Vertical	Shoot 'em up	0
game creation system		0
Action - Digging	Action	0
Roguelike Card Battler	Roguelike	0
First-person maze	Arcade	0
drama anime		0
monster television program		0
Adventure, Stealth	Stealth	0
Horizontal	Shoot 'em up	0
pop music	Rhythm	0
Action, platformer	Platformer	0
Card battler	Card Game	0
Actionsimulation	Simulation	0
Stealth, Survival Horror	Horror	0
Action-adventure, Action role-playing, platformer	Action RPG	0
Music, Rhythm	Rhythm	0
dress-up video game	Life Simulation	0
Horror adventure	Horror	0
Brawler, sidescroller	Beat 'em up	0
Otome gameAdventure	Visual Novel	0
Roguelikedeck-building	Roguelike	0
Puzzle, survival horror	Puzzle	0
Platformer, Retro	Platformer	0
Graphic adventure & interactive movie	Adventure	0
First-person shooter, action-adventure, stealth	First-Person Shooter	0
yuri		0
Actionstrategytower defense	Strategy	0
Roguelite ARPG	Roguelike	0
Runner	Arcade	0
Interactive Fiction	Interactive Fiction	0
trivia video game	Trivia	0
volleyball video game	Sports	0
PuzzleParody	Puzzle	0
Action, strategy	Strategy	0
Action-adventure, Third-person shooter	Third-Person Shooter	0
sumo wrestling video game	Sports	0
Text only	Interactive Fiction	0
Interactive movie	Interactive Fiction	0
Actionadventure	Adventure	0
children's television		0
Roguelite	Roguelike	0
Horror, Puzzle	Puzzle	0
Real-time Strategy	Real-Time Strategy	0
Racing, Karting	Racing	0
Puzzle - Cube	Puzzle	0
Maze / Platformer	Platformer	0
science fantasy		0
Platform, stealth	Platformer	0
Music video game	Rhythm	0
Beat 'em Up	Beat 'em up	0
Vertical scroller / Obstacle avoiding	Shoot 'em up	0
Battle arena	Fighting	0
tactical wargame	Strategy	0
Edutainment	Educational	0
Physics puzzler	Puzzle	0
Co-op shooter	Shooter	0
audio game		0
Turn-based strategy, RTS	Real-Time Strategy	0
Action, brawler	Beat 'em up	0
Fighting, beat 'em up	Beat 'em up	0
Platformmetroidvania	Platformer	0
Horroradventure	Horror	0
Social deduction	Party	0
Horror, Adventure	Horror	0
serialized fiction		0
Partyquiz	Trivia	0
escape room video game	Puzzle	0
chivalric romance		0
Roguelike action-platformer	Roguelike	0
Quiz / Adult	Trivia	0
Vertically scrolling shooter	Shoot 'em up	0
Hack & Slash	Action	0
Adventure / Text and Gfx	Interactive Fiction	0
Otome gameSimulation	Visual Novel	0
Beat 'em upRoguelike	Roguelike	0
horror video game	Horror	0
Survival horror, First-person shooter	First-Person Shooter	0
show jumping	Sports	0
Hack & Slash, action	Action	0
Racing, simulation	Simulation	0
Action, survival	Survival	0
management	Management	0
Tower defensethird-person shooter	Third-Person Shooter	0
Multidirectional shooter - Asteroids	Shooter	0
Simulator	Simulation	0
Pet-raising simulation	Simulation	0
Platform, Parkour	Platformer	0
First-person shootermecha	First-Person Shooter	0
rape and revenge film		0
Visual novelQuiz	Visual Novel	0
Sportsrole-playing	Role-Playing	0
Sport	Sports	0
Simulation, Strategy	Strategy	0
table tennis video game	Sports	0
Adventure, Casual	Adventure	0
City-buildingsurvival	Management	0
2D platform	Platformer	0
Tower defenseracing	Strategy	0
Tower defenserole-playing	Role-Playing	0
Space adventure	Adventure	0
Puzzle, Adult	Puzzle	0
Visual novelhorror	Visual Novel	0
Action-adventureroguelike	Roguelike	0
2D Action-Adventure	Action-Adventure	0
Action Role-playing, open world, Expansion	Action RPG	0
sports journalism	Sports	0
Arcade, pinball	Arcade	0
Action role-playingroguelike	Roguelike	0
Adventure / Text only	Interactive Fiction	0
Action-adventurestealthopen world	Stealth	0
Various		0
First-person shootersurvival horroropen world	First-Person Shooter	0
Sports - Bowling	Sports	0
Action-adventurestrategy	Strategy	0
speculative fiction film		0
Tactical shooter, stealth	First-Person Shooter	0
Board game - Draughts	Board Game	0
Puzzle - Logic	Puzzle	0
Party brawler	Beat 'em up	0
Action, Hack & Slash	Action	0
Platformbeat 'em up	Beat 'em up	0
drag racing video game	Racing	0
Puzzle, Role-playing	Role-Playing	0
Puzzleaction	Puzzle	0
Strategyroguelike	Roguelike	0
Partybeat 'em up	Beat 'em up	0
Sandbox, Simulation	Simulation	0
Tactical role-playing game	Tactical RPG	0
graphics software		0
Horse Racing	Racing	0
Platforming	Platformer	0
Action-puzzle	Puzzle	0
Vertical shooter / Maze	Shoot 'em up	0
Action, metroidvania	Platformer	0
Sim, God game	Management	0
Sportsturn-based strategy	Turn-Based Strategy	0
space opera		0
Memory game	Puzzle	0
Strategy role-playing	Role-Playing	0
Action-adventure, RPG	Role-Playing	0
2D Platform	Platformer	0
disco		0
Adventure/Variety/Quiz	Trivia	0
Action-adventure, RTS	Real-Time Strategy	0
Role-playing, Simulation	Role-Playing	0
PlatformerHack and slash	Action RPG	0
ActionShooter	Shooter	0
hockey video game	Sports	0
Actionrogueliteshooter	Roguelike	0
Action & Adventure, metroidvania	Platformer	0
Sportsracing	Sports	0
vampire film		0
Fixed shooter - Base defense	Shoot 'em up	0
puzzle	Puzzle	0
Sportssimulation	Simulation	0
Tactical Role-playing	Tactical RPG	0
Open World, Adventure	Action-Adventure	0
Card video game	Card Game	0
Platformer, Metroidvania	Platformer	0
Go	Board Game	0
Adventure/Educational	Educational	0
card game	Card Game	0
Platform-adventure / Maze	Platformer	0
Visual novelRole-playing	Visual Novel	0
Role-playingMetroidvania	Platformer	0
Action-adventure, Stealth	Stealth	0
First person adventure	Adventure	0
Roguelite shoot 'em up	Roguelike	0
action-adventure	Action-Adventure	0
Family, Motion Controlled		0
Co-op puzzle adventure	Puzzle	0
Party Game	Party	0
Actionsurvival	Survival	0
Platform, metroidvania	Platformer	0
Role-playingroguelike	Roguelike	0
telenovela		0
Single-screen platformer / Puzzle	Puzzle	0
Scrolling shoot 'em up	Shoot 'em up	0
Platformstealth	Platformer	0
Board games / Adult	Board Game	0
truck simulation video game	Simulation	0
Fantasy		0
isometric platformer	Platformer	0
war film		0
Roguelite action-role-playing	Roguelike	0
Educational, action, puzzle	Puzzle	0
Sports - Darts	Sports	0
Acton role-playing	Role-Playing	0
Kids & Family		0
Actionbeat 'em up	Beat 'em up	0
top-down shooter	Shooter	0
slapstick		0
Action RPG, open world	Action RPG	0
First-person shooter, Action	First-Person Shooter	0
timekeeping in games		0
First-person shooter, action	First-Person Shooter	0
sketch show		0
grunge		0
Point and Click	Adventure	0
equestrian video game	Sports	0
Action, Retro	Compilation	0
Action, fighting	Fighting	0
experimental music	Rhythm	0
Casual, action	Puzzle	0
Sports, Motion Controlled	Sports	0
Arcadecombat racing	Racing	0
ActionPuzzle	Puzzle	0
Space flight simulator, sandbox	Flight & Space Sim	0
Platformaction	Platformer	0
Simulator - Sailing	Simulation	0
animation		0
time-travel television program		0
Side-Scrolling Action	Action	0
Role-playing, strategy	Role-Playing	0
Twin-stick shootertower defense	Shooter	0
Arcade, Shooter	Shooter	0
Puzzle, strategy	Puzzle	0
Date Simulation	Simulation	0
Open World Survival	Survival	0
Actionside-scrolling	Action	0
Role-playingmusicrhythm	Role-Playing	0
ActionAction role-playing	Action RPG	0
Puzzle game, Visual novel	Visual Novel	0
RTS, Sim, Party	Real-Time Strategy	0
Simulator - Career / Sports - Soccer	Simulation	0
Action, Third-person	Action	0
Platformaction-adventure	Platformer	0
slice of life		0
Actionrole-playing	Action RPG	0
Horde shooter	Shooter	0
Hack & slashaction	Action	0
Train sim	Simulation	0
Action-adventure, retro	Compilation	0
Word puzzle	Puzzle	0
Graphic adventure / Eroge	Visual Novel	0
Puzzle-platformadventure	Puzzle	0
Survival, Adventure	Survival	0
Action-adventure, Roguelite	Roguelike	0
Action, multiplayer online battle arena	Strategy	0
Shooterside scroller	Shooter	0
Sports, Party game	Party	0
Vehicular sandbox	Action-Adventure	0
8-bit arena fighter	Fighting	0
SurvivalMMO	Survival	0
Climbing platform	Platformer	0
Light gun shooter	Shooter	0
Horrorrole-playing	Role-Playing	0
Action-adventurefightingplatformer	Fighting	0
Town-building	Management	0
romantic fiction		0
astronaut photography		0
Strategy/Dexterity	Strategy	0
Action, maze	Arcade	0
Fighting, RPG	Role-Playing	0
Rail Shooter	Shooter	0
Point and click adventure	Adventure	0
Cooking	Simulation	0
Multidirectional shooter / Base-building game	Shooter	0
Action, Party	Party	0
Role-playing survival	Role-Playing	0
Puzzle-Platformer	Puzzle	0
Action-adventurebeat 'em up	Beat 'em up	0
Sports, bowling	Sports	0
Vehicle simulation - Glider	Simulation	0
Maze / Single-screen platformer	Platformer	0
God game, simulator	Management	0
Aerial combat	Flight & Space Sim	0
Action-adventureMetroidvaniaPlatformer	Platformer	0
Shoot 'em up, retro	Shoot 'em up	0
Childcare Simulation	Simulation	0
Action, hack & slash	Action	0
To-down shooter	Shooter	0
Adventure, art	Adventure	0
Turn-basedstrategy	Strategy	0
twin-stick shooter	Shooter	0
Run and Gun	Shoot 'em up	0
Role Playing game	Role-Playing	0
Tower defense, Third-person shooter	Third-Person Shooter	0
video game compilation	Compilation	0
Brawlerstealth	Beat 'em up	0
Adventure, Point & Click	Adventure	0
Action-adventure, Action role-playing	Action RPG	0
Action-adventure, Retro	Compilation	0
Platform-adventure, Metroidvania	Platformer	0
Shooter, Platformer	Shooter	0
Real-time strategycity-building	Real-Time Strategy	0
Arcade / Shoot-'em-up - Vertical	Shoot 'em up	0
Action murder mystery	Action	0
Actionrun and gun	Shoot 'em up	0
Classics collection	Compilation	0
MOBA	Strategy	0
Platformer, Battle Royale	Platformer	0
role-playing	Role-Playing	0
comedy video game		0
Shoot-'em-up - Horizontal	Shoot 'em up	0
Action - Tron	Action	0
Game show, Skill	Trivia	0
Sports - Hockey	Sports	0
fashion competition show		0
Racing game	Racing	0
Adventure, FMV	Interactive Fiction	0
biopunk		0
Motion Controlled		0
Space combat simulation	Flight & Space Sim	0
AdventureVisual novelEscape room	Visual Novel	0
Vertical Scroller / Obstacle avoiding	Shoot 'em up	0
Adventure, point & click	Adventure	0
Flight simulation	Flight & Space Sim	0
Action-adventureMetroidvania	Platformer	0
Platformer, puzzle, action	Puzzle	0
CasualAdventure	Adventure	0
Music, racing	Rhythm	0
propaganda film		0
Dancing simulator	Simulation	0
Shoot 'em up, Retro	Shoot 'em up	0
Puzzle - Bulls and Cows	Puzzle	0
Arcade action	Arcade	0
Racing, Karts	Racing	0
Hack and slashthird-person shooter	Third-Person Shooter	0
Platformstrategy	Platformer	0
Partyshooter	Shooter	0
Shoot-em Up/Educational	Shoot 'em up	0
Adult, Simulation	Simulation	0
Puzzle, role-playing	Role-Playing	0
MUD		0
Action-adventure, platform	Platformer	0
Third-person shooterrole-playing	Role-Playing	0
Auto battlerstrategy	Strategy	0
Otome gameFighting	Visual Novel	0
Competitive shooter	Shooter	0
Beat 'em uprole-playing	Role-Playing	0
Action role-playingfarming	Action RPG	0
doo-wop		0
Tile game	Puzzle	0
Arcade, shoot 'em up	Shoot 'em up	0
Puzzle, Platforming	Puzzle	0
Shooter, Adventure	Shooter	0
Massively multiplayer online role-playing game	Role-Playing	0
Action role-playing, dungeon crawl, hack and slash	Action RPG	0
Action-adventure / Horror	Horror	0
Action-adventure, third-person shooter	Third-Person Shooter	0
Puzzle - Moving tiles	Puzzle	0
Sportsstrategyturn-based	Strategy	0
Sports - Billiards	Sports	0
Metroidvania, Action-adventure	Platformer	0
Puzzle, Shooter	Shooter	0
Physics basedvehicular sandbox	Action-Adventure	0
Dueling	Sports	0
Sports Management, Life Sim	Management	0
Action role-playing, survival horror	Action RPG	0
Horror Adventure	Horror	0
Action-adventure, open world, Expansion	Action-Adventure	0
Sandbox, role-playing	Role-Playing	0
Action, Fighting	Fighting	0
Shooter, Visual novel	Visual Novel	0
Action, Shoot-'em-up, Vertical	Shoot 'em up	0
Kids and Family, Sports	Sports	0
Turn-based	Turn-Based Strategy	0
Latin pop		0
Fighting, action	Fighting	0
Platform, vertically scrolling shooter	Shoot 'em up	0
Sportsfitnessmotion controlled	Party	0
yaoi		0
children's and young adult literature		0
Puzzle, Strategy	Puzzle	0
Arena Fighter	Fighting	0
Vehicle simulation - Spacecraft	Simulation	0
PuzzlePlatform	Puzzle	0
Role-playing, puzzle	Role-Playing	0
Turn basedadventure	Adventure	0
Sports, RTS, Turn-based strategy	Real-Time Strategy	0
Education, maze	Arcade	0
Actionroguelikestrategy	Roguelike	0
Roguelikeaction role-playing	Roguelike	0
Action-adventure, survival	Survival	0
Rail shooter, puzzle	Shooter	0
horror anime and manga	Horror	0
Action-adventurethird-person shooter	Third-Person Shooter	0
Tower-defense, Role-playing	Role-Playing	0
Role-playing, roguelike	Roguelike	0
humorous fiction		0
Bildungsroman		0
Kids, Action	Action	0
Racingaction	Racing	0
Arcade, Action	Arcade	0
Visual novelMini-games	Visual Novel	0
First-person shooter, action role-playing	Action RPG	0
Metroidvania, action-adventure	Platformer	0
Card & Boardtrivia	Trivia	0
Arcade, action	Arcade	0
Action & Adventure, Platformer, Shooter	Shooter	0
Third-person shooteraction-adventure	Third-Person Shooter	0
darts video game	Sports	0
Casual strategy, time management	Strategy	0
Arena game	Fighting	0
Shooter, side-scroller	Shooter	0
Hack and slash, tactical role-playing	Tactical RPG	0
Rogueliketower defense	Roguelike	0
Puzzlestealth	Puzzle	0
Action-sidescroller	Action	0
Eroge	Visual Novel	0
karaoke video game	Rhythm	0
Third-person shooterHero shooter	Third-Person Shooter	0
Puzzle, platform	Puzzle	0
Actiontactical	Action	0
Puzzleadventure	Puzzle	0
Rogue-Like	Roguelike	0
Platform, rhythm	Platformer	0
Racing, music	Rhythm	0
Physics based puzzler	Puzzle	0
Shooterrole-playing	Role-Playing	0
Retro, side-scrolling action	Compilation	0
Adventure / Casino games	Card Game	0
Battle royaleartillerystrategy	Strategy	0
Turn-based tacticssurvival	Tactics	0
Management, Survival	Management	0
Walking sim	Simulation	0
autobiography		0
Horrorpuzzle	Puzzle	0
3D Platform	Platformer	0
mixed martial arts video game	Fighting	0
Puzzle/Variety/Rpg	Role-Playing	0
Strategy, TBS	Turn-Based Strategy	0
educational software	Educational	0
Open world, racing	Action-Adventure	0
Strategy/War	Strategy	0
Side scroller	Platformer	0
Board games/Adult/Parody	Board Game	0
Vehicle simulation game	Simulation	0
multiplayer online battle arena	Strategy	0
Isometric platform	Platformer	0
Card gamerole-playing	Role-Playing	0
Shooterroguelike	Roguelike	0
Roguelite arena shooter	Roguelike	0
Arcade/Beat-'em-up	Beat 'em up	0
Strategy/Economy	Strategy	0
opéra bouffe		0
chill-out music	Rhythm	0
Board games/Fortune telling	Board Game	0
Actionshoot 'em up	Shoot 'em up	0
Educational / Maze	Arcade	0
Action-adventurePuzzle	Puzzle	0
Survive horrorsealth	Horror	0
Action, third-person shooter	Third-Person Shooter	0
Avtion-platform	Platformer	0
Action-adv, beat 'em up	Beat 'em up	0
Role-playingPlatform	Role-Playing	0
Actionmech	Action	0
Platform game, Adventure game, Indie game, Casual game, Fighting game, Early Access	Fighting	0
Survival, Action role-playing	Action RPG	0
Adventure game / Text & Gfx	Adventure	0
Roguelike tactical role-playing game	Roguelike	0
First-person adventure, Stealth	Stealth	0
Third-person shootertactical shooter	Third-Person Shooter	0
Simulation/Adult	Simulation	0
Sportsreal-time strategyturn-based strategy	Real-Time Strategy	0
space opera video game		0
Beat 'em up / Platformer	Beat 'em up	0
Racing, Open World	Action-Adventure	0
Adventure gamerole-playing	Role-Playing	0
jungle		0
Fighting, expansion	Fighting	0
tournament		0
Scrolling shoot'em up	Shoot 'em up	0
War simulation	Simulation	0
Hack and slash, expansion	Action RPG	0
Music, simulation	Simulation	0
Action role-playing, roguelike	Roguelike	0
First-person shooterstealth	First-Person Shooter	0
education	Educational	0
horse racing	Racing	0
Adventurelife simulation	Life Simulation	0
Visual novelRhythm	Visual Novel	0
Action-adventure Action role-play	Action RPG	0
RPG / Adult	Role-Playing	0
Visual novelrhythm	Visual Novel	0
Tactical shooter, Open World	First-Person Shooter	0
Survival MMO	Role-Playing	0
Role-playing, third-person shooter	Role-Playing	0
automobile magazine		0
Adventure-Platformer	Platformer	0
Adventure/Adventure - Text and Gfx	Interactive Fiction	0
First person shooterroguelike	Roguelike	0
medical drama		0
Quiz game / RPG	Role-Playing	0
2Dmultiplayer online battle arena	Strategy	0
Action, rogue-like	Roguelike	0
Role-playinghack-and-slash	Role-Playing	0
Roguelite action-platformer	Roguelike	0
submarine	Simulation	0
Racing, action, Open World	Action-Adventure	0
Otome gameDating sim	Visual Novel	0
Platform, action-adventure	Platformer	0
Platformer, Puzzle	Puzzle	0
Arcade Flight Sim	Flight & Space Sim	0
action-adventure, stealth	Stealth	0
Simulation/Strategy	Strategy	0
anthology series	Compilation	0
Educational, math, platform	Platformer	0
Adventurepuzzle-platform	Puzzle	0
Action/strategy	Strategy	0
Sport, Simulation	Simulation	0
Shooter, Fighting	Shooter	0
Life SimulationRole-playing	Role-Playing	0
Action-adventure, platform, metroidvania	Platformer	0
Educational/Board games/Quiz	Trivia	0
symphonic rock		0
Action-adventure, Third-person shooter, stealth, Interactive cinema	Third-Person Shooter	0
Third-person shooter, stealth, action	Third-Person Shooter	0
Action/Strategy	Strategy	0
ActionFighting	Fighting	0
Arcade/Dexterity	Arcade	0
Virtual world		0
Asymmetrical multiplayer shooter	Shooter	0
Puzzle - First-person / Action - Timing	Puzzle	0
Action-adventure, Role-playing	Role-Playing	0
Action role-playing, beat 'em up	Action RPG	0
Open world, Shooter	Shooter	0
Beat 'em up, survival horror	Beat 'em up	0
Puzzle/Arcade/Snake/nibbles	Puzzle	0
mandopop		0
Puzzle, Action & Adventure	Puzzle	0
portrait		0
Role-playingthird-person shooter	Role-Playing	0
Strategy, Tactics	Tactics	0
Strategy, Survival, Deck building	Strategy	0
Space shooter, Mechs	Shoot 'em up	0
motorcycle video game	Sports	0
Racing, vehicular combat	Vehicular Combat	0
Simulation, visual novel	Visual Novel	0
roman à clef		0
Twin-stick shooterroguelike	Roguelike	0
Card battle, third-person shooter	Third-Person Shooter	0
Word game		0
cyberpunk		0
Life simulationRole-playing	Role-Playing	0
Vertically scrolling shooter, bullet hell	Shoot 'em up	0
Action role-playing, platform	Action RPG	0
Puzzle, roguelike	Roguelike	0
Spacesimulation	Simulation	0
Turn based, Management	Management	0
how-to		0
Action/rhythm	Rhythm	0
Strategy, Tower-defense	Strategy	0
Action-adventuresurvival horrorstealth	Horror	0
sensation fiction		0
parlour game	Board Game	0
Artillery	Strategy	0
Adventure Platformer	Platformer	0
Racing / Driving, Sports	Sports	0
Puzzle, Physics Sandbox	Puzzle	0
RTS, First-person shooter	First-Person Shooter	0
Kids, action-adventure	Action-Adventure	0
Open world, multiplayer survival	Survival	0
Battle royalefirst-person shooter	First-Person Shooter	0
Action, sports	Sports	0
Action/Puzzle	Puzzle	0
Action-adventure, Open World, stealth	Stealth	0
French hip-hop		0
Vehicle simulation - mech / RPG	Role-Playing	0
RTS/tower defense	Real-Time Strategy	0
Action, vehicular combat, combat flight simulator	Flight & Space Sim	0
Sandbox, Fighting	Fighting	0
electronic music	Rhythm	0
Action role-playingsouls-like	Action RPG	0
rolling platformer	Platformer	0
time management video game	Management	0
Roguelikerhythm	Roguelike	0
Beat'em up, Action RPG	Action RPG	0
Strategy & Simulation, Casual	Strategy	0
Survival/Shooter	Shooter	0
Action, adventure, shooter	Shooter	0
Party game, Singing Game	Party	0
Music/Rhythm game	Rhythm	0
Adult/Graphics		0
Side-scroller	Platformer	0
blackjack video game	Card Game	0
Action role-playing defense	Action RPG	0
Roguelike first person shooter	Roguelike	0
Stealththird-person shooterFirst-person shooter	First-Person Shooter	0
6DoF Shooter	Shooter	0
Action, shoot 'em up	Shoot 'em up	0
Racing, Action	Racing	0
Sports - Equestrian	Sports	0
Otome gameMini-game	Visual Novel	0
coming-of-age anime and manga		0
Role-playing, Shooter	Role-Playing	0
Fighting-Action	Fighting	0
Action rhythm	Rhythm	0
Puzzle/Snake-nibbles	Puzzle	0
AdventurePuzzle	Puzzle	0
Actionsandbox	Action-Adventure	0
Raising simulation	Simulation	0
Card game - Cribbage	Card Game	0
Dexterity	Arcade	0
gamebook	Interactive Fiction	0
massively multiplayer online strategy game	Role-Playing	0
First-person shooterThird-person shooter	First-Person Shooter	0
Visual novelPuzzle	Visual Novel	0
capture the flag		0
Sci-Fi Horror	Horror	0
Board game / Adult	Board Game	0
Action/Simulation/Shoot-'em-up - Vertical	Shoot 'em up	0
Party, Trivia	Party	0
Platformer, puzzle	Puzzle	0
Sports - Volleyball	Sports	0
2D platform, shooter	Shooter	0
First-person shooterroguelike	Roguelike	0
superbike racing video game	Racing	0
Action, survival horror	Horror	0
Roguelike top-down shooter	Roguelike	0
Turn-based tacticsreal-time strategy	Real-Time Strategy	0
Sports - Ping Pong	Arcade	0
Action & adventure, Role playing	Role-Playing	0
First-person survival horror	Horror	0
Arcadefitnessoutdoorspartysports	Party	0
Strategy, board game	Strategy	0
Action, Racing	Racing	0
Board game / Gambling video game	Card Game	0
Full motion video	Interactive Fiction	0
Multiplayer first-person shooter	First-Person Shooter	0
Co-op puzzle, Party	Puzzle	0
Tower defenseAction role-playing	Action RPG	0
Go software	Board Game	0
Tower Defense	Strategy	0
Real time strategy, collectible card game	Real-Time Strategy	0
Fighting, Motion Controlled	Fighting	0
Tactical shooter, Stealth	First-Person Shooter	0
Sport games / Racing	Sports	0
Roguelite Pirate role-playing	Roguelike	0
Action, third-person	Action	0
Action-Adventure / Maze	Arcade	0
Puzzle RPG	Role-Playing	0
Collectible card gamerole playing	Role-Playing	0
Party Brawler	Beat 'em up	0
Multiplayer action-puzzler	Puzzle	0
Platform-Shooter	Shooter	0
Shooter Roguelite	Roguelike	0
Action role-playingtown-building	Action RPG	0
Racing, Party game	Party	0
Driving	Racing	0
Card game - Blackjack	Card Game	0
Vehicular combat, Racing	Vehicular Combat	0
Rhythm-based Action-Puzzler	Puzzle	0
Space trading and combat game, Role-playing	Role-Playing	0
rock and roll		0
handball video game	Sports	0
Simulation/Sport management	Management	0
Action Platformer, Rogue-like	Roguelike	0
Simulation role-playing	Role-Playing	0
Action-adventure, Racing	Action-Adventure	0
Action/Sport management	Management	0
Real-time tacticsstealth	Tactics	0
Simulation/RPG	Role-Playing	0
Platform Game	Platformer	0
Action role-playingmusic	Action RPG	0
Maze Game	Arcade	0
Rugby	Sports	0
Arena Brawler	Beat 'em up	0
Skiing	Sports	0
cooking	Simulation	0
Business simulationstrategy	Strategy	0
Platformer, Puzzle, Side-scroller	Puzzle	0
Hack and slashplatform	Action RPG	0
Sports - Winter Olympics	Sports	0
Action-adventuresandbox	Action-Adventure	0
Physics, puzzle	Puzzle	0
Action role-playing anthology	Action RPG	0
Racing, Sports	Sports	0
Puzzle, Action	Puzzle	0
MMORole-playing	Role-Playing	0
Visual Novel, Adult	Visual Novel	0
Action RPG, open world, expansion	Action RPG	0
FMV, Adventure	Interactive Fiction	0
First-person shooterloot shooter	First-Person Shooter	0
Point-and-clickplatform	Platformer	0
photography game		0
Role Playing	Role-Playing	0
Retro collection, Metroidvania	Platformer	0
Platform-adventure, metroidvania	Platformer	0
Platformer, Parkour	Platformer	0
Space combat simulator	Flight & Space Sim	0
cloak and dagger novel		0
Horizontal Shooter	Shoot 'em up	0
Simulation, racing	Simulation	0
Action-adventuremystery	Action-Adventure	0
Roguelike Action-RPG	Roguelike	0
Adventuremystery	Adventure	0
Board game, card based	Card Game	0
Variety/Arcade	Arcade	0
Strategyreal-time strategy	Real-Time Strategy	0
Partyplatform	Platformer	0
SandboxSurvival	Survival	0
Actionretro	Compilation	0
Parody shooter	Shooter	0
Open worldaction	Action-Adventure	0
Platformadventure	Platformer	0
Adventure, role-playing	Role-Playing	0
Life Simulation	Life Simulation	0
Adventure game / Action-adventure	Action-Adventure	0
First person shooter, rouguelite	Roguelike	0
Roguelike, shoot 'em up	Roguelike	0
Strategytower defense	Strategy	0
LGBT-related television series		0
Strategy, Turn-based	Strategy	0
Shoot-'em-up/Horizontal	Shoot 'em up	0
Turn-based, roguelike	Roguelike	0
Beat-'em-up	Beat 'em up	0
glam rock		0
Survival Roguelite	Roguelike	0
Pinball Puzzle RPG	Role-Playing	0
Musicrhythmmotion controlled	Rhythm	0
Action/Arcade	Arcade	0
Vehicular combatNaval simulation	Simulation	0
Action - Isometric	Action	0
Life simulation, Strategy	Strategy	0
Platformer, puzzle, side-scroller	Puzzle	0
Sports - Foot volleyball	Sports	0
Board game - Gunjin Shogi	Board Game	0
Arcade / Snake/nibbles	Arcade	0
Role-playingsandbox	Role-Playing	0
Stealth / Action	Stealth	0
First-person dungeon crawler roguelike	Roguelike	0
Actionplatformreal-time strategy	Platformer	0
2Dactionrogue-like	Roguelike	0
Survival horrorthird-person shooterrole-playing	Role-Playing	0
Turn-based tactics, tactical role-playing	Tactical RPG	0
automobile simulation game	Simulation	0
Fightingparty	Fighting	0
Adventure, Text and Gfx	Interactive Fiction	0
Action puzzle	Puzzle	0
Action/Dexterity	Action	0
Visual novel, romantic comed	Visual Novel	0
Interactive story	Interactive Fiction	0
Racingdrifting	Racing	0
Side-scroller / Obstacle avoiding	Platformer	0
philosophical fiction		0
Roguelikeplatformer	Roguelike	0
Simulationpuzzle	Puzzle	0
Runnerplatformer	Platformer	0
Gambling video game / Adult	Card Game	0
post-punk		0
Shoot 'em up Roguelite	Roguelike	0
Action - Tron / Snake	Arcade	0
Party, Puzzle	Puzzle	0
skeet shooting	Sports	0
Action-adventure, Third-person	Action-Adventure	0
Visual noveltactical role-playing	Visual Novel	0
Side-scrolling action, retro	Compilation	0
Sport games/Gambling / Fruit Machine	Card Game	0
Shooterstrategytower defense	Shooter	0
art game		0
Board games/Cards games/Gambling / Fruit Machine	Card Game	0
Third-person shooterroguelike	Roguelike	0
SimulationCasual	Simulation	0
PlatformFightingAdventure	Fighting	0
Tactical turn-basedrole-playing	Role-Playing	0
Action, run & gun	Shoot 'em up	0
Role-playinghack and slash	Role-Playing	0
Beat'em up, action	Beat 'em up	0
blues rock		0
historical play		0
Arenasurvival	Survival	0
Music, platform	Platformer	0
Rail shooter, music	Shooter	0
Role-playing, Expansion	Role-Playing	0
Puzzle - Math	Puzzle	0
Side scroller, action	Action	0
traditional folk music	Rhythm	0
Art game		0
Side scrolling action, Retro	Compilation	0
Racing - Formula / Vertical scroller	Racing	0
First-person puzzle adventure	Puzzle	0
Strategy, Puzzle	Puzzle	0
erotica		0
Strategysurvival	Strategy	0
Battle royaleobstacle racing	Shooter	0
Strategy, puzzle	Puzzle	0
Music, Puzzle	Puzzle	0
Variety/Fortune Telling		0
Roguelike role-playing	Roguelike	0
Puzzle-platformer, Stealth	Puzzle	0
Actionadventureopen world	Action-Adventure	0
Puzzleactionplatform	Puzzle	0
Sport games/Simulation	Simulation	0
popular music	Rhythm	0
Strategy, RTS	Real-Time Strategy	0
Farm simulationrole-playing	Role-Playing	0
Action RPG, Hack and slash	Action RPG	0
Incremental	Puzzle	0
science fiction comics		0
music television	Rhythm	0
Side Scrolling Action-RPG	Action RPG	0
Party game, Casual	Party	0
Adult/Quiz	Trivia	0
Programming		0
Adventure, Hidden object game	Adventure	0
Shootermech sim	Shooter	0
Shooter, puzzle	Shooter	0
Fighting - Karate	Fighting	0
Fighting, action-adventure	Fighting	0
Shoot 'em up, action-adventure	Shoot 'em up	0
Sports - Pro Wrestling	Sports	0
Metroidvania hack & slash	Platformer	0
Action Adventure, Stealth	Stealth	0
Platformer, pinball, adventure	Platformer	0
Action-adventure, Platform,	Platformer	0
Third-person shooter, roguelike	Roguelike	0
Action-adventure, Platform, Hack and slash	Action RPG	0
musical		0
Adventure, strategy	Strategy	0
Arcadeshooter	Shooter	0
Beat 'em uptop-down shooter	Beat 'em up	0
First Person Puzzler	Puzzle	0
Racing - Chariot	Racing	0
Puzzle - Jigsaw	Puzzle	0
Turn based strategy, Tactics	Turn-Based Strategy	0
Platformrhythm	Platformer	0
Survival Horror, open world	Horror	0
First-person hack & slash roguelike	Roguelike	0
Strategypuzzle	Puzzle	0
First-person shooter, Stealth	First-Person Shooter	0
arena fighter	Fighting	0
Adventure Survival	Survival	0
Adult, Western		0
Musicshooter	Shooter	0
soundtrack		0
Board gamerole-playing	Role-Playing	0
Visual novelSimulation	Visual Novel	0
Action, Simulation, Sports	Simulation	0
Business simulator	Management	0
Adventurehorrorpuzzle	Puzzle	0
Side-scrollerstealth	Stealth	0
PlatformerAction-adventure	Platformer	0
Dōjin		0
First-person platform puzzler	Puzzle	0
Otome gameCard Battle	Visual Novel	0
Fixed shooter, strategy	Shoot 'em up	0
Actionbattle	Action	0
Competitive stealth arena shooter	Shooter	0
Third-person shooteraction-adventureopen world	Third-Person Shooter	0
Combat Flight Simulator, Sim	Flight & Space Sim	0
First-person horror	Horror	0
Action role-playing, Expansion	Action RPG	0
City-buildingsimulation	Management	0
First-person shooterpuzzle	First-Person Shooter	0
Action-adventure, Platform, stealth	Platformer	0
dodgeball video game	Sports	0
Role-Playing (RPG)	Role-Playing	0
Card gameparty	Card Game	0
action fiction	Action	0
abstract strategy game	Strategy	0
Strategy4X	Strategy	0
non-fiction		0
RPG / Survival horror	Role-Playing	0
Action role-playingstrategy	Action RPG	0
social deduction game	Party	0
walking simulator	Simulation	0
Fighting - Robots	Fighting	0
Horror, puzzle	Puzzle	0
First-person shooter, open world	First-Person Shooter	0
Twin-stick shooter, tower defense	Shooter	0
Movement shooter	Shooter	0
Adventuremetroidvania	Platformer	0
Party platform fighter	Platformer	0
Survivalbattle royalesandbox	Survival	0
Puzzle / Fixed shooter	Shoot 'em up	0
Arcade/Snake/nibbles	Arcade	0
Role-playing, turn-based	Role-Playing	0
Action-adv, hack and slash	Action RPG	0
Western		0
Run 'n gun	Shoot 'em up	0
First-person shootertactical shooter	First-Person Shooter	0
Role-playingfarming simulation	Role-Playing	0
First-person shooter, Racing, Open World	First-Person Shooter	0
Christmas film		0
Turn-based strategy, action-adventure	Turn-Based Strategy	0
Third-person shooter, Tactical shooter	Third-Person Shooter	0
Action role-playingmassively multiplayer online	Role-Playing	0
Hack and slash, Tactical RPG	Tactical RPG	0
Platformracingparkour	Platformer	0
body horror	Horror	0
Sports, party game	Party	0
Actionpinball	Arcade	0
Action, platform	Platformer	0
Hack & slash	Action	0
Rhythm, fighting	Fighting	0
Strategytactical role-playingroguelike	Roguelike	0
Action role-playingOpen world	Action RPG	0
Adult/Yakyuuken		0
Rhythm, puzzle	Puzzle	0
Adult/Cards games	Card Game	0
Maze game	Arcade	0
Action-adventure, Expansion	Action-Adventure	0
Simulation, Sport	Simulation	0
Shoot 'em up, strategy, role-playing	Role-Playing	0
4Xreal-time strategy	Real-Time Strategy	0
Collectible cardturn-based strategy	Turn-Based Strategy	0
1st-person adventure	Adventure	0
Educational, action	Educational	0
Sports, Combat flight simulator	Flight & Space Sim	0
Music, puzzle	Puzzle	0
Action & Adventure, Puzzle	Puzzle	0
epic film		0
Actionmaze	Action	0
Action roguelite	Roguelike	0
Stealth adventure	Stealth	0
Quiz game	Trivia	0
Platform-brawler, Party	Beat 'em up	0
Turn-based Strategy	Turn-Based Strategy	0
nu metal		0
Role-playing, Roguelike, Collectible card game	Roguelike	0
Roguelike role-playing game	Roguelike	0
electropop		0
flight	Flight & Space Sim	0
Beat 'em up, action	Beat 'em up	0
Simulator - Training	Simulation	0
Adventure, survival	Survival	0
Board game - Cluedo	Board Game	0
Strategy, turn-based tactics	Tactics	0
Action - Timing / Maze	Arcade	0
zombie apocalyptic video game		0
Adventure/Platform	Platformer	0
wargame	Strategy	0
Twin-stick Shooter	Shooter	0
Platform, action	Platformer	0
Financial		0
Beat 'em upfighting	Beat 'em up	0
Rogueliteshoot 'em up	Roguelike	0
Retro action-adventure, metroidvania	Platformer	0
Motion controlled		0
Hack and slash, roguelite	Roguelike	0
historical fiction		0
Tactics role-playing	Role-Playing	0
Hack and Slash	Action RPG	0
Vertical shooter / Obstacle avoiding	Shoot 'em up	0
Simulation, strategy	Strategy	0
Action-platform, tower defense	Platformer	0
Adult/Break-out	Arcade	0
Strategy, Time management	Strategy	0
Fighting - Martial arts	Fighting	0
lyric poetry		0
Dungeon crawlerarena brawler	Action RPG	0
Action, simulation	Simulation	0
Puzzle, turn-based	Puzzle	0
Simulation/Strategy/Wargame	Strategy	0
Board game - Othello	Board Game	0
Action, survival horror, Stealth	Horror	0
Sports/Boating	Sports	0
Metroidvaniaplatform	Platformer	0
Cinematic platformer	Platformer	0
2Dplatform	Platformer	0
Song & Rhythm	Rhythm	0
Grand strategy wargame	Strategy	0
Simulation/Racing	Simulation	0
First-person roguelike, Dungeon crawler	Roguelike	0
Strategy, Deck Building	Strategy	0
Puzzle, action, Third-person	Puzzle	0
Action/Strategy/Platform	Platformer	0
First-person shooter, Mecha	First-Person Shooter	0
Action-adventuredungeon crawlroguelike	Roguelike	0
Educational / Puzzle	Puzzle	0
ActionRole-playing	Action RPG	0
Sports, Sports management	Management	0
Doodling		0
Action role-playingsurvival	Action RPG	0
Strategy, Turn-based tactics	Tactics	0
Adventureart game	Adventure	0
Strategy, simulation	Strategy	0
PlatformActon	Platformer	0
Multiplayer fighting, Stealth	Fighting	0
Roguelike horror FPS	Roguelike	0
Turn-based tactical role-playing	Tactical RPG	0
Action-adventureplatformmetroidvania	Platformer	0
First-person shooter, action-adventure	First-Person Shooter	0
Environmental puzzle	Puzzle	0
Turn-based roguelike	Roguelike	0
strategy game	Strategy	0
economics		0
Vehicular Sandbox	Action-Adventure	0
Mech-combatshooter	Shooter	0
Action / Vertical scroller	Action	0
Tactical role-playing, strategy	Tactical RPG	0
Sports (Olympic)	Sports	0
Vehicular combataction-adventure	Vehicular Combat	0
Side-scrolling video game	Platformer	0
Arena shooter, deck building	Shooter	0
industrial music	Rhythm	0
BrawlerParty	Beat 'em up	0
Space Shooter	Shoot 'em up	0
Shooter, Arena	Shooter	0
Dungeon crawl	Action RPG	0
Card game - Poker	Card Game	0
Walking Simulator	Simulation	0
Action, Hack & slash	Action	0
Action / Fixed shooter / Vehicular combat - Bike	Shoot 'em up	0
Side-scrolling action, Metroidvania	Platformer	0
Puzzlerole-playing	Role-Playing	0
Real-time strategy, Tower-defense	Real-Time Strategy	0
Adventure, Platform	Platformer	0
Air combat simulation	Simulation	0
3D brawler	Beat 'em up	0
Snake	Arcade	0
Asymmetric Multiplayer		0
Roguelike tactical RPG	Roguelike	0
Board game, role-playing	Role-Playing	0
Roguelite twin-stick shooter	Roguelike	0
Actionpuzzlestrategy	Puzzle	0
Grand strategy wargame, action RPG, Turn-based strategy	Action RPG	0
Board game - Reversi	Board Game	0
Shoot-'em-up - Vertical	Shoot 'em up	0
Open worldsurvival	Survival	0
Open world, puzzle	Puzzle	0
Action & adventure, platformer	Platformer	0
Adventure, simulation	Simulation	0
Party game, Fighting	Fighting	0
Third-person shooter, open world	Third-Person Shooter	0
Adventure/Action	Adventure	0
space Western		0
Adventurereal-time strategy	Real-Time Strategy	0
German-style board game	Board Game	0
Isometric maze	Arcade	0
Puzzle-platformer, Horror	Puzzle	0
Metroidvaniaplatformer	Platformer	0
video game music	Rhythm	0
Actionthird-person shooter	Third-Person Shooter	0
First-person shooter, roguelike	Roguelike	0
Action-adventure, puzzle, platformer	Puzzle	0
soul		0
Action/Shoot-'em-up	Shoot 'em up	0
Run & gun	Shoot 'em up	0
Life Sim, Puzzle	Puzzle	0
music of Japan	Rhythm	0
Strategy video game	Strategy	0
Strategy, tactics	Tactics	0
Racing, maze	Arcade	0
Role-playing shooter	Role-Playing	0
Action role-playingstealth	Action RPG	0
Shougi	Board Game	0
MMO Sandbox	Role-Playing	0
Multiplayer platform arena	Platformer	0
Endless runner, action	Arcade	0
Survival, strategy	Strategy	0
Racing Mission, open world	Action-Adventure	0
Role-playingboard game	Role-Playing	0
Eurodance	Rhythm	0
shooting gallery game	Shooter	0
Arcade puzzle	Puzzle	0
Education	Educational	0
Platformeraction	Platformer	0
Arena brawler	Beat 'em up	0
Dating sim, mahjong game	Visual Novel	0
Action Puzzler	Puzzle	0
Simulation, survival	Simulation	0
Run-and-gun	Shoot 'em up	0
Battle royaleFirst-person shooter	First-Person Shooter	0
Action, open world	Action-Adventure	0
Role Playing gameAdventure	Role-Playing	0
Platformer, Physics puzzler	Puzzle	0
Dungeon crawlerroguelike	Roguelike	0
Hack and slash, role-playing	Role-Playing	0
Adventureinteractive drama	Interactive Fiction	0
Sport games/One-on-one fighting	Fighting	0
Base building	Management	0
Arcadeplatform	Platformer	0
Party game, artillery	Party	0
Action & Adventure, Fighting	Fighting	0
Visual novelSports	Visual Novel	0
Platformer, Sports	Platformer	0
nautical fiction		0
Platform, racing	Platformer	0
Puzzle, brain training	Puzzle	0
Exergame	Party	0
Platformer / Puzzle - Math	Puzzle	0
solitaire	Card Game	0
Action-adventure, Metroidvania	Platformer	0
Fishingsimulation	Simulation	0
graphic arts		0
FightingBeat 'em up	Beat 'em up	0
advergame		0
First-person shooter, Sandbox	First-Person Shooter	0
6DOF Shooter	Shooter	0
biographical film		0
Casino games - Slots	Card Game	0
Co-op twin-stick shooter	Shooter	0
Top Down Shooter, Action role-playing	Action RPG	0
Action-puzzlerrhythm-based	Puzzle	0
Visual novelpuzzlerhythm	Visual Novel	0
Action-platformer, Retro	Platformer	0
Puzzle Platform	Puzzle	0
Adventure, Role-Playing (RPG)	Role-Playing	0
Casual strategy, tower defense	Strategy	0
Puzzle, adventure	Puzzle	0
power metal		0
Platformerpuzzleaction	Puzzle	0
sports manager video game	Sports	0
Roguelite shooter	Roguelike	0
Platformer, Construction and management simulation	Platformer	0
Action, Adventure, Role-playing	Role-Playing	0
Adventure, RPG	Role-Playing	0
Karaoke, music	Rhythm	0
Sports, strategy	Strategy	0
Strategystealth	Strategy	0
Asymmetrical multiplayer horror	Horror	0
Adventureaction	Adventure	0
Actiontower defense	Strategy	0
RTS, action-adventure	Real-Time Strategy	0
Idle	Puzzle	0
Otome gameAction	Visual Novel	0
Dungeon crawlerhack and slash	Action RPG	0
Raising simulation, rhythm	Simulation	0
Afrobeats		0
Arcadeparty	Arcade	0
surf music	Rhythm	0
Survival roguelite	Roguelike	0
Miscellaneous		0
Maze shooter	Shooter	0
Simulationaction	Simulation	0
Action-adventure, Puzzle	Puzzle	0
Action-adventure, beat 'em up, Platform	Beat 'em up	0
Action/Snake/nibbles	Arcade	0
Strategyturn-based tactics	Tactics	0
Educational, music	Rhythm	0
Arcade, Classics	Compilation	0
Action-adventure, puzzle	Puzzle	0
Vehicular combatstrategy	Strategy	0
Action role-playing, roguelite, retro	Roguelike	0
Beat 'em upPlatformer	Beat 'em up	0
Wave shooter	Shooter	0
Board gamecasual	Board Game	0
fantasy television program		0
Third-person shooterlooter shooter	Third-Person Shooter	0
Adventure/action	Adventure	0
Scrolling platform	Platformer	0
Action role-playingsoulslike	Action RPG	0
Side-Scrolling Hack and slash Roguelike	Roguelike	0
Action / Variety	Action	0
Open world, survival	Survival	0
Adventureplatformpinball	Platformer	0
Action-adventure, third-person	Action-Adventure	0
Shooter - Lightgun	Shooter	0
Roguelike tactical role-playing	Roguelike	0
massively multiplayer online first-person shooter	Role-Playing	0
neo-noir video game		0
Card game - Klaverjas	Card Game	0
educational television	Educational	0
Survival, Puzzle	Puzzle	0
soft rock		0
Card & boardstrategy	Strategy	0
Arena Platform Shooter	Shooter	0
Third-person shooter, hack and slash	Third-Person Shooter	0
Side-scroller / Action	Action	0
Battle RoyaleFirst-person hero shooter	Shooter	0
Sidescroller	Platformer	0
Action-adventure, beat 'em up	Beat 'em up	0
ActionFightingLocal Multiplayer	Fighting	0
Action-adventuresurvival horroropen world	Horror	0
UniqueCasualSimulation	Simulation	0
Strategyboard game	Strategy	0
Family, motion controlled		0
Cards	Card Game	0
Racing / Simulator	Simulation	0
Sports - Rugby	Sports	0
Sports, (Olympic)	Sports	0
programming game		0
Action Game	Action	0
Roguelike action RPG	Roguelike	0
Card battle / Adult	Card Game	0
Sci-fi combat flight sim	Flight & Space Sim	0
Survival, tactical role-playing	Tactical RPG	0
Adventure / Adult	Adventure	0
Action, shooter	Shooter	0
Variety/Fortune telling		0
Construction and management	Management	0
ActionPlatform	Platformer	0
First-person shooterrail shootermotion-controlled	First-Person Shooter	0
Hack n' slash	Action RPG	0
Fighting, Shoot 'em up	Shoot 'em up	0
Scrolling shooter, bullet hell	Shoot 'em up	0
Action adventure	Action-Adventure	0
Roguelite Stealth/Survival	Roguelike	0
Simulation, Survival	Simulation	0
First-person shooterdungeon crawl	Action RPG	0
Third-person shooter, Fighting	Third-Person Shooter	0
Shoot 'em uprun and gun	Shoot 'em up	0
Strategy & ARole-playing	Role-Playing	0
Musicrhythmsports	Rhythm	0
cooking simulation video game	Simulation	0
Simulator - Fishing	Simulation	0
Platformer / Puzzle - Action puzzle	Puzzle	0
Multiple		0
Open worldaction-adventure	Action-Adventure	0
Third-person shooter, Expansion	Third-Person Shooter	0
Action-adventuresimulation	Simulation	0
Retro action-adventure	Compilation	0
scrolling	Shoot 'em up	0
Puzzleactionadventure	Puzzle	0
Racing, Adventure	Racing	0
Action, platform, retro	Platformer	0
Christian video game		0
Jidaigeki		0
Driving, Simulation	Simulation	0
Shoot em' up	Shoot 'em up	0
Action-adventurePlatform	Platformer	0
Party, Sports	Party	0
gunki monogatari		0
Platform, beat 'em up	Beat 'em up	0
Management simulation	Management	0
Action role-playing, Simulation	Action RPG	0
Puzzle Platform, survival horror, adult	Puzzle	0
FightingAction	Fighting	0
Arcade flight sim, roguelite	Roguelike	0
glam metal		0
Car combat	Vehicular Combat	0
Shooter, Survival	Shooter	0
Action, Puzzle	Puzzle	0
All		0
Top-down shooter, roguelike	Roguelike	0
Game creation system		0
Survival horror, third-person shooter	Third-Person Shooter	0
Open world	Action-Adventure	0
Space Combat Simulator	Flight & Space Sim	0
Dating Sim	Visual Novel	0
AdventureSimulation	Simulation	0
Platform, Retro	Platformer	0
2D platform, action	Platformer	0
Crafting, game creator	Simulation	0
interpreter		0
Action role-playing game	Action RPG	0
Action, Educational	Educational	0
Assorted		0
Real-time strategy, top-down shooter	Shooter	0
Dance	Rhythm	0
First-person shooterthird-person shooter	First-Person Shooter	0
Brawler, retro	Beat 'em up	0
ActionSurvival	Survival	0
Adventureinteractive fiction	Interactive Fiction	0
helicopter simulation game	Simulation	0
Action role-playingmech-combat	Action RPG	0
Puzzle-platformer, adventure	Puzzle	0
Roguelite Shoot-em-up	Roguelike	0
Racing, Sport	Sports	0
genre painting		0
epistle		0
Racing/Sports	Sports	0
Puzzle video game	Puzzle	0
ActionSimulation	Simulation	0
Survival, Management	Management	0
Strategysimulationsurvival	Strategy	0
emergent gameplay		0
Multiplayer arena shoot 'em up	Shoot 'em up	0
miniature golf	Sports	0
Christmas carol		0
Action, Family	Action	0
Roguelike, survival	Roguelike	0
Adventureracing	Racing	0
Japanese role-playing, dungeon crawler	Role-Playing	0
Third-person shooter, rail shooter	Third-Person Shooter	0
Board game - Scrabble	Board Game	0
Multi-directional	Shoot 'em up	0
Shoot 'Em Up	Shoot 'em up	0
Vertical Shooter - Commando	Shoot 'em up	0
Strategyparty	Strategy	0
Maze / Obstacle avoiding	Arcade	0
Platformer, Walking simulator	Platformer	0
fantasy manga		0
Adventure, stealth	Stealth	0
Rhythmmotion controlled	Rhythm	0
RPG / First-person maze	Role-Playing	0
Shooter, Sports	Shooter	0
productivity		0
Platformer, hack and slash, action-adventure, third-person	Action RPG	0
Action role-playingdungeon crawl	Action RPG	0
Racing adventure	Racing	0
Co-op strategy-sim	Strategy	0
Action-Adventure, Platformer	Platformer	0
Platformer, Adventure	Platformer	0
Platformerpuzzleside-scroller	Puzzle	0
Construct / Manage Sim, expansion	Simulation	0
Side scrolling shooter	Shoot 'em up	0
Top Down Racing	Racing	0
military education and training	Educational	0
Side-scrolling action, run 'n gun	Shoot 'em up	0
Action-adventure, Family	Action-Adventure	0
Roguelikeactionplatformer	Roguelike	0
children and youth program		0
Sports - Skiing	Sports	0
progressive rock		0
splatter film		0
Strategy, management	Strategy	0
4X Strategy	Strategy	0
Roguelite Metroidvania	Platformer	0
Family		0
Casino / Slot	Card Game	0
Fighting, Physics	Fighting	0
PlatformerHack and slashAction	Action RPG	0
history		0
Arcade-puzzler	Puzzle	0
Platform, Adventure	Platformer	0
Educational, Music	Rhythm	0
Adventure, Role-playing, Farming	Role-Playing	0
Real-time strategy, action	Real-Time Strategy	0
Investigation	Adventure	0
Roguelike shooter	Roguelike	0
Sports - Kendo	Sports	0
Real-time tacticspuzzle	Puzzle	0
Simulation adventure	Simulation	0
Shoot em up, Retro	Shoot 'em up	0
First person puzzle game	Puzzle	0
Card battler, role-playing	Role-Playing	0
shooter	Shooter	0
Party shooter	Shooter	0
Roguelike space simulation	Roguelike	0
Action role-playing, ARPG	Action RPG	0
Role-playing, Retro, JRPG	Role-Playing	0
parody		0
Educationaladventure	Educational	0
Run and gunshooter	Shoot 'em up	0
Isometric platformer / Puzzle	Puzzle	0
Shoot-'em-up - Vertical, Adult	Shoot 'em up	0
action-adventureplatform	Platformer	0
Space trading and combat gameRole-playing	Role-Playing	0
Third-person shooteradventure	Third-Person Shooter	0
Music/Rhythm, Sports	Rhythm	0
Side scrolling action	Action	0
Stealth, action role-playing	Action RPG	0
Action sidescroller, sandbox	Action-Adventure	0
PlatformAction-adventure	Platformer	0
Board game - Gomoku	Board Game	0
preschool		0
Shooter - Light-gun / Maze	Shooter	0
Platform, run and gun	Shoot 'em up	0
cyberpunk video game		0
Action-adventure, Platformer, Third-person shooter	Third-Person Shooter	0
first-person adventure	Adventure	0
Infinite Runner	Arcade	0
Top-down co-op shooter	Shooter	0
Cooperative action-puzzler	Puzzle	0
Board game - 3D tic-tac-toe	Board Game	0
2D arena fighter	Fighting	0
Vehicular combat - Bike	Vehicular Combat	0
Vehicular Sandbox, Simulation	Simulation	0
Strategyaction	Strategy	0
2D fighter, platform	Platformer	0
Side-scrolling retro action	Compilation	0
Role-playingreal-time strategy	Role-Playing	0
Card, Fighting	Fighting	0
Tank & Mecha Sim, Third-person shooter	Third-Person Shooter	0
samurai cinema		0
Platformaction role-playing	Action RPG	0
Tactical horror roguelike	Roguelike	0
K-pop		0
3D platform, art	Platformer	0
light gun	Shooter	0
Strategy, Tower Defense	Strategy	0
